{"cameraMode":{"drawMode":0,"name":"Shaded","section":"Shading Mode"},"sceneLighting":true,"audioPlay":false,"sceneViewState":{"m_AlwaysRefresh":true,"showFog":false,"showSkybox":true,"showFlares":false,"showImageEffects":true,"showParticleSystems":true,"showVisualEffectGraphs":true,"m_FxEnabled":true},"in2DMode":false,"pivot":{"x":164.2533721923828,"y":45.570926666259769,"z":219.5005645751953},"rotation":{"x":0.41430607438087466,"y":-0.034117020666599277,"z":0.0155436210334301,"w":0.9093661904335022},"size":81.15200805664063,"orthographic":false}