{"cameraMode":{"drawMode":0,"name":"Shaded","section":"Shading Mode"},"sceneLighting":false,"audioPlay":false,"sceneViewState":{"m_AlwaysRefresh":true,"showFog":false,"showSkybox":false,"showFlares":false,"showImageEffects":true,"showParticleSystems":true,"showVisualEffectGraphs":true,"m_FxEnabled":true},"in2DMode":false,"pivot":{"x":95.80206298828125,"y":25.95488929748535,"z":110.90489196777344},"rotation":{"x":0.41430607438087466,"y":-0.034117020666599277,"z":0.0155436210334301,"w":0.9093661904335022},"size":148.83412170410157,"orthographic":false}